[
  {
    "title": "OSDC formation progresses",
    "date": "Sep 2025",
    "excerpt": "Foundational work continues ahead of the target operational date of 1 January 2026.",
    "img": "https://source.unsplash.com/RtRrk7j8w-Y/1600x900",
    "href": "#"
  },
  {
    "title": "Public realm concept endorsed",
    "date": "Aug 2025",
    "excerpt": "Greening, seating and wayfinding proposals to undergo pilot on Oxford Street.",
    "img": "https://source.unsplash.com/RtRrk7j8w-Y/1600x900",
    "href": "#"
  }
]